feature_1,feature_2,pearson_r,relationship
volatility_15m,volatility_30m,0.9895,Very High
volatility_5m,volatility_15m,0.9683,Very High
volatility_5m,volatility_30m,0.9661,Very High
volatility_30m,volatility_60m,0.9139,Very High
observed_sessions_ahead,calendar_days_ahead,0.9076,Very High
volatility_15m,volatility_60m,0.901,Very High
distance_from_ma_15,distance_from_ma_30,0.8794,High
volatility_5m,volatility_60m,0.8788,High
return_15m,distance_from_ma_30,0.7784,High
return_15m,distance_from_ma_15,0.7437,High
distance_from_ma_5,distance_from_ma_15,0.7374,High
return_30m,distance_from_ma_30,0.7282,High
