symbol,total_pairs,min_horizon_sessions,max_horizon_sessions,distinct_ref_dates,distinct_tgt_dates
ICICIBANK,55,1,11,10,10
HDFCBANK,55,1,11,10,10
RELIANCE,55,1,11,10,10
INFY,55,1,11,10,10
TCS,45,1,11,9,9
AARTIIND,28,1,8,7,7
AGARWALEYE,28,1,8,7,7
ABCAPITAL,28,1,8,7,7
ABB,28,1,8,7,7
AFCONS,28,1,8,7,7
AFFLE,28,1,8,7,7
AEROENTER,28,1,8,7,7
AETHER,28,1,8,7,7
AEQUS,28,1,8,7,7
HCC,28,1,7,7,7
HBLENGINE,28,1,7,7,7
AEROFLEX,28,1,8,7,7
HAL,28,1,7,7,7
GVT&D,28,1,7,7,7
GVPIL,28,1,7,7,7
AJANTPHARM,28,1,8,7,7
AIIL,28,1,8,7,7
AIAENG,28,1,8,7,7
AHLUCONT,28,1,8,7,7
HAVELLS,28,1,7,7,7
AHCL,28,1,8,7,7
ADANIENT,28,1,8,7,7
ACUTAAS,28,1,8,7,7
ADANIENSOL,28,1,8,7,7
ACMESOLAR,28,1,8,7,7
GRSE,28,1,7,7,7
GRANULES,28,1,7,7,7
GTLINFRA,28,1,7,7,7
GODREJCP,28,1,7,7,7
GODREJAGRO,28,1,7,7,7
GODFRYPHLP,28,1,7,7,7
AKUMS,28,1,8,7,7
GRASIM,28,1,7,7,7
GRAPHITE,28,1,7,7,7
AAVAS,28,1,8,7,7
AARTIPHARM,28,1,8,7,7
GOKEX,28,1,7,7,7
GOLDIAM,28,1,7,7,7
GENESYS,28,1,7,7,7
GODREJPROP,28,1,7,7,7
GNA,28,1,7,7,7
GMRAIRPORT,28,1,7,7,7
GMDCLTD,28,1,7,7,7
GODREJIND,28,1,7,7,7
GKENERGY,28,1,7,7,7
GIPCL,28,1,7,7,7
GICRE,28,1,7,7,7
ANGELONE,28,1,8,7,7
FIVESTAR,28,1,7,7,7
FIRSTCRY,28,1,7,7,7
GARFIBRES,28,1,7,7,7
GNFC,28,1,7,7,7
GANECOS,28,1,7,7,7
GANDHAR,28,1,7,7,7
FINCABLES,28,1,7,7,7
FINEORG,28,1,7,7,7
FIEMIND,28,1,7,7,7
FEDERALBNK,28,1,7,7,7
FCSSOFT,28,1,7,7,7
FILATEX,28,1,7,7,7
FCL,28,1,7,7,7
FACT,28,1,7,7,7
EXICOM,28,1,7,7,7
EXIDEIND,28,1,7,7,7
APTUS,28,1,8,7,7
APOLLOTYRE,28,1,8,7,7
APOLLOHOSP,28,1,8,7,7
GAIL,28,1,7,7,7
ATHERENERG,28,1,8,7,7
ATGL,28,1,8,7,7
ASTRAL,28,1,8,7,7
ASTRAMICRO,28,1,8,7,7
ASIANPAINT,28,1,8,7,7
ASIANENE,28,1,8,7,7
ASHOKLEY,28,1,8,7,7
ASTERDM,28,1,8,7,7
ASHAPURMIN,28,1,8,7,7
ASAHIINDIA,28,1,8,7,7
ARVSMART,28,1,8,7,7
ARVINDFASN,28,1,8,7,7
ARVIND,28,1,8,7,7
ANTHEM,28,1,8,7,7
ANANTRAJ,28,1,8,7,7
ASHOKA,28,1,8,7,7
ANANDRATHI,28,1,8,7,7
AMBUJACEM,28,1,8,7,7
AMAGI,28,1,8,7,7
AMBER,28,1,8,7,7
APLAPOLLO,28,1,8,7,7
APEX,28,1,8,7,7
APCOTEXIND,28,1,8,7,7
APOLLO,28,1,8,7,7
APARINDS,28,1,8,7,7
ADANIPOWER,28,1,8,7,7
ADANIPORTS,28,1,8,7,7
ADANIGREEN,28,1,8,7,7
ABFRL,28,1,8,7,7
ABSLAMC,28,1,8,7,7
ACC,28,1,8,7,7
ACE,28,1,8,7,7
360ONE,21,1,8,6,6
ABREL,21,1,8,6,6
IFGLEXPOR,21,1,7,6,6
IGIL,21,1,7,6,6
IGL,21,1,7,6,6
IIFL,21,1,7,6,6
IKS,21,1,7,6,6
INDOMIM,21,1,7,6,6
INDSWFTLAB,21,1,7,6,6
INDUSINDBK,21,1,7,6,6
INDUSTOWER,21,1,7,6,6
HSCL,21,1,7,6,6
INDIGO,21,1,7,6,6
IDEAFORGE,21,1,7,6,6
IDFCFIRSTB,21,1,7,6,6
IOLCP,21,1,7,6,6
IOC,21,1,7,6,6
SUNDRMFAST,21,1,7,6,6
SUDEEPPHRM,21,1,7,6,6
SUDARSCHEM,21,1,7,6,6
SUBEXLTD,21,1,7,6,6
ICICIAMC,21,1,7,6,6
IBULLSLTD,21,1,7,6,6
HYUNDAI,21,1,7,6,6
HUDCO,21,1,7,6,6
IOB,21,1,7,6,6
INTERARCH,21,1,7,6,6
INTELLECT,21,1,7,6,6
INOXWIND,21,1,7,6,6
INOXINDIA,21,1,7,6,6
INOXGREEN,21,1,7,6,6
SASKEN,21,1,7,6,6
SARVESHWAR,21,1,7,6,6
ANTELOPUS,21,1,8,6,6
SCI,21,1,7,6,6
SCHNEIDER,21,1,7,6,6
SCHAEFFLER,21,1,7,6,6
SBIN,21,1,7,6,6
SBILIFE,21,1,7,6,6
SBIFUNDS,21,1,7,6,6
SBICARD,21,1,7,6,6
SBFC,21,1,7,6,6
SBCL,21,1,7,6,6
ARSSBL,21,1,8,6,6
ARE&M,21,1,8,6,6
ARDEE,21,1,8,6,6
SAREGAMA,21,1,7,6,6
SAIL,21,1,7,6,6
SAGILITY,21,1,7,6,6
RVNL,21,1,7,6,6
AXITA,21,1,7,6,6
AXISCADES,21,1,7,6,6
AXISBANK,21,1,7,6,6
AWL,21,1,7,6,6
AWHCL,21,1,7,6,6
SAMHI,21,1,7,6,6
SAMBHV,21,1,7,6,6
ASKAUTOLTD,21,1,7,6,6
ASIANTILES,21,1,7,6,6
AUROPHARMA,21,1,7,6,6
AURIONPRO,21,1,7,6,6
AUBANK,21,1,7,6,6
SBC,21,1,7,6,6
RUPA,21,1,7,6,6
RUBICON,21,1,7,6,6
RTNPOWER,21,1,7,6,6
RSYSTEMS,21,1,7,6,6
RRKABEL,21,1,7,6,6
RPTECH,21,1,7,6,6
BAJAJHIND,21,1,7,6,6
BAJAJHFL,21,1,7,6,6
BAJAJFINSV,21,1,7,6,6
BAJAJELEC,21,1,7,6,6
BAJAJCON,21,1,7,6,6
ATUL,21,1,8,6,6
ATLANTAELE,21,1,8,6,6
ATALREAL,21,1,8,6,6
SAKSOFT,21,1,7,6,6
SAILIFE,21,1,7,6,6
ROSSTECH,21,1,7,6,6
ROLEXRINGS,21,1,7,6,6
RKFORGE,21,1,7,6,6
RITES,21,1,7,6,6
RISHABH,21,1,7,6,6
RIR,21,1,7,6,6
RENUKA,21,1,7,6,6
BANKINDIA,21,1,7,6,6
BANKBARODA,21,1,7,6,6
BANDHANBNK,21,1,7,6,6
BALUFORGE,21,1,7,6,6
AVL,21,1,7,6,6
AVANTIFEED,21,1,7,6,6
AVANTEL,21,1,7,6,6
AVANCE,21,1,7,6,6
AVALON,21,1,7,6,6
BAJFINANCE,21,1,7,6,6
RELAXO,21,1,7,6,6
REFEX,21,1,7,6,6
REDINGTON,21,1,7,6,6
RECLTD,21,1,7,6,6
RBLBANK,21,1,7,6,6
RBA,21,1,7,6,6
RAYMONDLSL,21,1,7,6,6
RAYMOND,21,1,7,6,6
RATNAVEER,21,1,7,6,6
BEL,21,1,7,6,6
BECTORFOOD,21,1,7,6,6
BAJAJ-AUTO,21,1,7,6,6
AZAD,21,1,7,6,6
RPOWER,21,1,7,6,6
RPEL,21,1,7,6,6
RAMRAT,21,1,7,6,6
RAMCOCEM,21,1,7,6,6
RALLIS,21,1,7,6,6
RAIN,21,1,7,6,6
RAILTEL,21,1,7,6,6
RADICO,21,1,7,6,6
BHARATFORG,21,1,7,6,6
BHARATCOAL,21,1,7,6,6
BHAGYANGR,21,1,7,6,6
BERGEPAINT,21,1,7,6,6
BEPL,21,1,7,6,6
BEML,21,1,7,6,6
BALRAMCHIN,21,1,7,6,6
BALMLAWRIE,21,1,7,6,6
BALKRISIND,21,1,7,6,6
BALAMINES,21,1,7,6,6
PWL,21,1,7,6,6
PVRINOX,21,1,7,6,6
PVP,21,1,7,6,6
PTC,21,1,7,6,6
PROTEAN,21,1,7,6,6
PRIVISCL,21,1,7,6,6
PRICOLLTD,21,1,7,6,6
PRESTIGE,21,1,7,6,6
PREMIERENE,21,1,7,6,6
PREMEXPLN,21,1,7,6,6
PRECWIRE,21,1,7,6,6
BLACKBUCK,21,1,7,6,6
BDL,21,1,7,6,6
BCG,21,1,7,6,6
BBOX,21,1,7,6,6
BATAINDIA,21,1,7,6,6
PRAKASH,21,1,7,6,6
PRAJIND,21,1,7,6,6
PPLPHARMA,21,1,7,6,6
POWERINDIA,21,1,7,6,6
POWERICA,21,1,7,6,6
POWERGRID,21,1,7,6,6
POONAWALLA,21,1,7,6,6
POLYPLEX,21,1,7,6,6
BLUESTONE,21,1,7,6,6
BLUESTARCO,21,1,7,6,6
BLUEJET,21,1,7,6,6
BLUECLOUDS,21,1,7,6,6
BELRISE,21,1,7,6,6
RADHIKAJWE,21,1,7,6,6
QUESS,21,1,7,6,6
QPOWER,21,1,7,6,6
POCL,21,1,7,6,6
PNGJL,21,1,7,6,6
PNCINFRA,21,1,7,6,6
PNBHOUSING,21,1,7,6,6
PNBGILTS,21,1,7,6,6
PNB,21,1,7,6,6
CAMPUS,21,1,7,6,6
BSOFT,21,1,7,6,6
BSE,21,1,7,6,6
BRITANNIA,21,1,7,6,6
BRIGADE,21,1,7,6,6
BPCL,21,1,7,6,6
BIOCON,21,1,7,6,6
BHEL,21,1,7,6,6
BHARTIHEXA,21,1,7,6,6
BHARTIARTL,21,1,7,6,6
PIDILITIND,21,1,7,6,6
PHOENIXLTD,21,1,7,6,6
PGEL,21,1,7,6,6
PFOCUS,21,1,7,6,6
PFC,21,1,7,6,6
PETRONET,21,1,7,6,6
PERSISTENT,21,1,7,6,6
PCJEWELLER,21,1,7,6,6
PAYTM,21,1,7,6,6
PATELENG,21,1,7,6,6
PATANJALI,21,1,7,6,6
CCAVENUE,21,1,7,6,6
BLSE,21,1,7,6,6
BLS,21,1,7,6,6
POLYCAB,21,1,7,6,6
POLICYBZR,21,1,7,6,6
CANBK,21,1,7,6,6
CAMS,21,1,7,6,6
PARKHOSPS,21,1,7,6,6
PARAS,21,1,7,6,6
PARAGMILK,21,1,7,6,6
PARADEEP,21,1,7,6,6
PARACABLES,21,1,7,6,6
PAISALO,21,1,7,6,6
PAGEIND,21,1,7,6,6
CESC,21,1,7,6,6
CERA,21,1,7,6,6
CENTUM,21,1,7,6,6
BOSCHLTD,21,1,7,6,6
PIRAMALFIN,21,1,7,6,6
PINELABS,21,1,7,6,6
PIIND,21,1,7,6,6
OSWALPUMPS,21,1,7,6,6
ORCHPHARMA,21,1,7,6,6
ONGC,21,1,7,6,6
ONESOURCE,21,1,7,6,6
OMNI,21,1,7,6,6
OMAXE,21,1,7,6,6
OLECTRA,21,1,7,6,6
OLAELEC,21,1,7,6,6
CLEANMAX,21,1,7,6,6
CLEAN,21,1,7,6,6
CIPLA,21,1,7,6,6
CIEINDIA,21,1,7,6,6
CARYSIL,21,1,7,6,6
CARTRADE,21,1,7,6,6
CARBORUNIV,21,1,7,6,6
CANHLIFE,21,1,7,6,6
CHAMBLFERT,21,1,7,6,6
CHALET,21,1,7,6,6
CGPOWER,21,1,7,6,6
CGCL,21,1,7,6,6
OIL,21,1,7,6,6
OFSS,21,1,7,6,6
OBEROIRLTY,21,1,7,6,6
NYKAA,21,1,7,6,6
NUVOCO,21,1,7,6,6
NUVAMA,21,1,7,6,6
NTPCGREEN,21,1,7,6,6
NTPC,21,1,7,6,6
CENTRALBK,21,1,7,6,6
CEMPRO,21,1,7,6,6
CEATLTD,21,1,7,6,6
CDSL,21,1,7,6,6
COLPAL,21,1,7,6,6
COHANCE,21,1,7,6,6
COFORGE,21,1,7,6,6
COCHINSHIP,21,1,7,6,6
COALINDIA,21,1,7,6,6
CNL,21,1,7,6,6
CMSINFO,21,1,7,6,6
CMRGREEN,21,1,7,6,6
CMPDI,21,1,7,6,6
CROMPTON,21,1,7,6,6
CRIZAC,21,1,7,6,6
CREDITACC,21,1,7,6,6
CHOLAHLDNG,21,1,7,6,6
CHOLAFIN,21,1,7,6,6
CHENNPETRO,21,1,7,6,6
CHEMPLASTS,21,1,7,6,6
CONTROLPR,21,1,7,6,6
CONFIPET,21,1,7,6,6
NORTHARC,21,1,7,6,6
NMDC,21,1,7,6,6
NLCINDIA,21,1,7,6,6
NIVABUPA,21,1,7,6,6
NITINSPIN,21,1,7,6,6
NILASPACES,21,1,7,6,6
NIACL,21,1,7,6,6
NHPC,21,1,7,6,6
DAVANGERE,21,1,7,6,6
DATAPATTNS,21,1,7,6,6
NSLNISP,21,1,7,6,6
NRBBEARING,21,1,7,6,6
CONCORDBIO,21,1,7,6,6
CONCOR,21,1,7,6,6
CYIENT,21,1,7,6,6
CUPID,21,1,7,6,6
CUMMINSIND,21,1,7,6,6
CUB,21,1,7,6,6
CSBBANK,21,1,7,6,6
DEEDEV,21,1,7,6,6
DECNGOLD,21,1,7,6,6
DCBBANK,21,1,7,6,6
DBOL,21,1,7,6,6
NH,21,1,7,6,6
NEWGEN,21,1,7,6,6
NEULANDLAB,21,1,7,6,6
CRAMC,21,1,7,6,6
CPPLUS,21,1,7,6,6
COROMANDEL,21,1,7,6,6
CORDELIA,21,1,7,6,6
NELCO,21,1,7,6,6
NCC,21,1,7,6,6
NBCC,21,1,7,6,6
NAZARA,21,1,7,6,6
NAVINFLUOR,21,1,7,6,6
NAVA,21,1,7,6,6
NAUKRI,21,1,7,6,6
NATIONALUM,21,1,7,6,6
NATCOPHARM,21,1,7,6,6
DHOOTTRANS,21,1,7,6,6
DHANBANK,21,1,7,6,6
DHAMPURSUG,21,1,7,6,6
DALMIASUG,21,1,7,6,6
DALBHARAT,21,1,7,6,6
DABUR,21,1,7,6,6
CYIENTDLM,21,1,7,6,6
DEEPAKFERT,21,1,7,6,6
NAM-INDIA,21,1,7,6,6
NACLIND,21,1,7,6,6
MVELECTRO,21,1,7,6,6
MUTHOOTFIN,21,1,7,6,6
MTNL,21,1,7,6,6
MSUMI,21,1,7,6,6
DMART,21,1,7,6,6
DLF,21,1,7,6,6
DIXON,21,1,7,6,6
DIVISLAB,21,1,7,6,6
DIVGIITTS,21,1,7,6,6
NETWORK18,21,1,7,6,6
NETWEB,21,1,7,6,6
NESTLEIND,21,1,7,6,6
NEOGEN,21,1,7,6,6
MPHASIS,21,1,7,6,6
MOTISONS,21,1,7,6,6
MOTILALOFS,21,1,7,6,6
MOTHERSON,21,1,7,6,6
MOSCHIP,21,1,7,6,6
MOREPENLAB,21,1,7,6,6
MOLBIO,21,1,7,6,6
EASEMYTRIP,21,1,7,6,6
DYNAMATECH,21,1,7,6,6
DYCL,21,1,7,6,6
DWARKESH,21,1,7,6,6
DRREDDY,21,1,7,6,6
DEVYANI,21,1,7,6,6
DELHIVERY,21,1,7,6,6
DEEPINDS,21,1,7,6,6
DEEPAKNTR,21,1,7,6,6
MMTC,21,1,7,6,6
MINDACORP,21,1,7,6,6
MIDHANI,21,1,7,6,6
MGL,21,1,7,6,6
MFSL,21,1,7,6,6
METROPOLIS,21,1,7,6,6
MEESHO,21,1,7,6,6
EIEL,21,1,7,6,6
EIDPARRY,21,1,7,6,6
EICHERMOT,21,1,7,6,6
EDELWEISS,21,1,7,6,6
EBGNG,21,1,7,6,6
DISHTV,21,1,7,6,6
DIFFNKG,21,1,7,6,6
MSTCLTD,21,1,7,6,6
MRPL,21,1,7,6,6
MBEL,21,1,7,6,6
MAZDOCK,21,1,7,6,6
MAXHEALTH,21,1,7,6,6
MASTEK,21,1,7,6,6
MARUTI,21,1,7,6,6
MARKSANS,21,1,7,6,6
MARINE,21,1,7,6,6
MARICO,21,1,7,6,6
MAPMYINDIA,21,1,7,6,6
MANYAVAR,21,1,7,6,6
MANORAMA,21,1,7,6,6
MANKIND,21,1,7,6,6
DOMS,21,1,7,6,6
DODLA,21,1,7,6,6
MOIL,21,1,7,6,6
MOBIKWIK,21,1,7,6,6
SHYAMMETL,21,1,7,6,6
EMAMILTD,21,1,7,6,6
ELLEN,21,1,7,6,6
ELITECON,21,1,7,6,6
ELGIEQUIP,21,1,7,6,6
EQUITASBNK,21,1,7,6,6
EPL,21,1,7,6,6
EPACK,21,1,7,6,6
ENTERO,21,1,7,6,6
ENRIN,21,1,7,6,6
ENGINERSIN,21,1,7,6,6
ENDURANCE,21,1,7,6,6
MEDIASSIST,21,1,7,6,6
MEDANTA,21,1,7,6,6
MCX,21,1,7,6,6
MCLOUD,21,1,7,6,6
EMSLIMITED,21,1,7,6,6
EMMVEE,21,1,7,6,6
EMIL,21,1,7,6,6
EMCURE,21,1,7,6,6
ALPINETEX,21,1,8,6,6
SGFIN,21,1,7,6,6
SETL,21,1,7,6,6
SEPC,21,1,7,6,6
SENORES,21,1,7,6,6
SENCO,21,1,7,6,6
SEDEMAC,21,1,7,6,6
APOLLOPIPE,21,1,8,6,6
SJS,21,1,7,6,6
SIS,21,1,7,6,6
SIGACHI,21,1,7,6,6
SIEMENS,21,1,7,6,6
FINOPB,21,1,7,6,6
FINKURVE,21,1,7,6,6
EMUDHRA,21,1,7,6,6
MANINFRA,21,1,7,6,6
MANINDS,21,1,7,6,6
MANAPPURAM,21,1,7,6,6
MAMATA,21,1,7,6,6
MAITHANALL,21,1,7,6,6
MAHSEAMLES,21,1,7,6,6
MAHABANK,21,1,7,6,6
MACPOWER,21,1,7,6,6
M&MFIN,21,1,7,6,6
M&M,21,1,7,6,6
LXCHEM,21,1,7,6,6
LUPIN,21,1,7,6,6
MANIPALHOS,21,1,7,6,6
LAURUSLABS,21,1,7,6,6
GAEL,21,1,7,6,6
EXCELSOFT,21,1,6,6,6
EUROPRATIK,21,1,7,6,6
ETERNAL,21,1,7,6,6
LUMAXTECH,21,1,7,6,6
LTTS,21,1,7,6,6
LTM,21,1,7,6,6
LTFOODS,21,1,7,6,6
LTF,21,1,7,6,6
LT,21,1,7,6,6
LODHA,21,1,7,6,6
LLOYDSME,21,1,7,6,6
LLOYDSENGG,21,1,7,6,6
LICI,21,1,7,6,6
FINPIPE,21,1,7,6,6
SOTL,21,1,7,6,6
SONATSOFTW,21,1,7,6,6
SONACOMS,21,1,7,6,6
FORCEMOT,21,1,7,6,6
FLUOROCHEM,21,1,7,6,6
GATEWAY,21,1,7,6,6
GARUDA,21,1,7,6,6
GANGAFORGE,21,1,7,6,6
GALAXYSURF,21,1,7,6,6
FILATFASH,21,1,7,6,6
LICHSGFIN,21,1,7,6,6
LGEINDIA,21,1,7,6,6
LENSKART,21,1,7,6,6
LEMONTREE,21,1,7,6,6
LEAPIND,21,1,7,6,6
LCL,21,1,7,6,6
FUSION,21,1,7,6,6
FSL,21,1,7,6,6
FRACTAL,21,1,7,6,6
FORTIS,21,1,7,6,6
SHILPAMED,21,1,7,6,6
SHILCTECH,21,1,7,6,6
SHAREINDIA,21,1,7,6,6
SHARDAMOTR,21,1,7,6,6
SHARDACROP,21,1,7,6,6
SHANTIGOLD,21,1,7,6,6
SHAKTIPUMP,21,1,7,6,6
SHAILY,21,1,7,6,6
SHADOWFAX,21,1,7,6,6
ANDHRSUGAR,21,1,7,6,6
AGL,21,1,8,6,6
SOUTHBANK,21,1,7,6,6
KNRCON,21,1,7,6,6
KNACK,21,1,7,6,6
GMRP&UI,21,1,7,6,6
LANDSMILL,21,1,7,6,6
LALPATHLAB,21,1,7,6,6
KWIL,21,1,7,6,6
KTKBANK,21,1,7,6,6
KSHINTL,21,1,7,6,6
KROSS,21,1,7,6,6
KRN,21,1,7,6,6
KRISHNADEF,21,1,7,6,6
KRISHANA,21,1,7,6,6
KRBL,21,1,7,6,6
KPRMILL,21,1,7,6,6
GHCLTEXTIL,21,1,7,6,6
GABRIEL,21,1,7,6,6
KLBRENG-B,21,1,7,6,6
KIRLPNU,21,1,7,6,6
KIRLOSENG,21,1,7,6,6
KIRIINDUS,21,1,7,6,6
KIMS,21,1,7,6,6
KFINTECH,21,1,7,6,6
GOODLUCK,21,1,7,6,6
GOKULAGRO,21,1,7,6,6
GHCL,21,1,7,6,6
GESHIP,21,1,7,6,6
GENUSPOWER,21,1,7,6,6
KPITTECH,21,1,7,6,6
KPIL,21,1,7,6,6
KPIGREEN,21,1,7,6,6
KOTAKBANK,21,1,7,6,6
KOHINOOR,21,1,7,6,6
STEELXIND,21,1,7,6,6
STAR,21,1,7,6,6
SSWL,21,1,7,6,6
KENNAMET,21,1,7,6,6
KELLTONTEC,21,1,7,6,6
KEI,21,1,7,6,6
KEC,21,1,7,6,6
KAYNES,21,1,7,6,6
KARURVYSYA,21,1,7,6,6
GREAVESCOT,21,1,7,6,6
GRAVITA,21,1,7,6,6
GRAUWEIL,21,1,7,6,6
GLENMARK,21,1,7,6,6
GLAXO,21,1,7,6,6
GLAND,21,1,7,6,6
GKSL,21,1,7,6,6
GSPCROP,21,1,7,6,6
GSFC,21,1,7,6,6
GODIGIT,21,1,7,6,6
KERNEX,21,1,7,6,6
SOLARINDS,21,1,7,6,6
SOLARA,21,1,7,6,6
SMSPHARMA,21,1,7,6,6
SMLMAH,21,1,7,6,6
ALOKINDS,21,1,8,6,6
ALLCARGO,21,1,8,6,6
ALKYLAMINE,21,1,8,6,6
ALEMBICLTD,21,1,8,6,6
SKYGOLD,21,1,7,6,6
SKMEGGPROD,21,1,7,6,6
AEGISVOPAK,21,1,8,6,6
AEGISLOG,21,1,8,6,6
JNKINDIA,21,1,7,6,6
JMFINANCIL,21,1,7,6,6
HATSUN,21,1,6,6,6
HATHWAY,21,1,7,6,6
GPPL,21,1,7,6,6
GPIL,21,1,7,6,6
KALYANKJIL,21,1,7,6,6
KAJARIACER,21,1,7,6,6
JYOTICNC,21,1,7,6,6
JYOTHYLAB,21,1,7,6,6
JWL,21,1,7,6,6
JUBLPHARMA,21,1,7,6,6
JUBLINGREA,21,1,7,6,6
JUBLFOOD,21,1,7,6,6
GUJALKALI,21,1,7,6,6
GUFICBIO,21,1,7,6,6
JINDALSTEL,21,1,7,6,6
JINDALSAW,21,1,7,6,6
JBMA,21,1,7,6,6
HEIDELBERG,21,1,7,6,6
HDFCLIFE,21,1,7,6,6
GROWW,21,1,7,6,6
GREENPOWER,21,1,7,6,6
JTLIND,21,1,7,6,6
JSWSTEEL,21,1,7,6,6
JSWINFRA,21,1,7,6,6
JSWENERGY,21,1,7,6,6
JSWDULUX,21,1,7,6,6
JSWCEMENT,21,1,7,6,6
JSL,21,1,7,6,6
JPPOWER,21,1,7,6,6
JNPR,21,1,7,6,6
HINDALCO,21,1,7,6,6
HIKAL,21,1,7,6,6
HAPPSTMNDS,21,1,7,6,6
GUJENERGY,21,1,7,6,6
SRF,21,1,7,6,6
SPARC,21,1,7,6,6
SPANDANA,21,1,7,6,6
SPAL,21,1,7,6,6
AJMERA,21,1,8,6,6
AJAXENGG,21,1,8,6,6
SUNPHARMA,21,1,7,6,6
JKPAPER,21,1,7,6,6
JKLAKSHMI,21,1,7,6,6
JIOFIN,21,1,7,6,6
JINDWORLD,21,1,7,6,6
JINDRILL,21,1,7,6,6
HONASA,21,1,7,6,6
HMAAGRO,21,1,7,6,6
HLVLTD,21,1,7,6,6
HINDZINC,21,1,7,6,6
HINDUNILVR,21,1,7,6,6
HDFCAMC,21,1,7,6,6
HDBFS,21,1,7,6,6
HCLTECH,21,1,7,6,6
JAYNECOIND,21,1,7,6,6
JAMNAAUTO,21,1,7,6,6
JAGSNPHARM,21,1,7,6,6
JAGRAN,21,1,7,6,6
J&KBANK,21,1,7,6,6
IZMO,21,1,7,6,6
IXIGO,21,1,7,6,6
HINDCOPPER,21,1,7,6,6
IDEA,21,1,7,6,6
IDBI,21,1,7,6,6
ICRA,21,1,7,6,6
ICICIPRULI,21,1,7,6,6
ICICIGI,21,1,7,6,6
HGINFRA,21,1,7,6,6
HEXT,21,1,7,6,6
HEROMOTOCO,21,1,7,6,6
ITCHOTELS,21,1,7,6,6
ITC,21,1,7,6,6
IRMENERGY,21,1,7,6,6
IRFC,21,1,7,6,6
IREDA,21,1,7,6,6
IRCTC,21,1,7,6,6
IRCON,21,1,7,6,6
IRB,21,1,7,6,6
IEX,21,1,7,6,6
TECHNOE,21,1,7,6,6
TECHNOCRAF,21,1,7,6,6
TECHM,21,1,7,6,6
TDPOWERSYS,21,1,7,6,6
INDIANB,21,1,7,6,6
INDIAMART,21,1,7,6,6
INDHOTEL,21,1,7,6,6
IMFA,21,1,7,6,6
AASTHA,21,1,7,6,6
AADHARHFC,21,1,8,6,6
63MOONS,21,1,8,6,6
ABDL,21,1,8,6,6
HINDPETRO,21,1,7,6,6
IPCALAB,21,1,7,6,6
IONEXCHANG,21,1,7,6,6
SARDAEN,21,1,7,6,6
SAPPHIRE,21,1,7,6,6
SANSERA,21,1,7,6,6
SANGHVIMOV,21,1,7,6,6
SANDUMA,21,1,7,6,6
SANDHAR,21,1,7,6,6
SAMMAANCAP,21,1,7,6,6
ACI,21,1,8,6,6
SWANCORP,21,1,7,6,6
SUZLON,21,1,7,6,6
SUVEN,21,1,7,6,6
SUPRIYA,21,1,7,6,6
SUPREMEIND,21,1,7,6,6
SUNTV,21,1,7,6,6
ADOR,21,1,8,6,6
IFCI,21,1,7,6,6
ZYDUSLIFE,15,1,7,5,5
XTRANET,15,1,7,5,5
YESBANK,15,1,7,5,5
YATHARTH,15,1,7,5,5
YASHO,15,1,7,5,5
PGIL,15,1,7,5,5
PGHL,15,1,7,5,5
STARHEALTH,15,1,7,5,5
STARCEMENT,15,1,6,5,5
SPCENET,15,1,5,5,5
SOUTHWEST,15,1,7,5,5
BMWVENTLTD,15,1,7,5,5
PFIZER,15,1,7,5,5
INGERRAND,15,1,7,5,5
INFOBEAN,15,1,5,5,5
INDOTECH,15,1,7,5,5
IMAGICAA,15,1,5,5,5
HLEGLAS,15,1,7,5,5
HITECH,15,1,7,5,5
HIRECT,15,1,7,5,5
WABAG,15,1,7,5,5
WAAREERTL,15,1,7,5,5
WAAREEENER,15,1,7,5,5
VTL,15,1,7,5,5
IIFLCAPS,15,1,7,5,5
IFBIND,15,1,7,5,5
SATIN,15,1,7,5,5
ARTEMISMED,15,1,7,5,5
ARMANFIN,15,1,8,5,5
ARIS,15,1,7,5,5
ICIL,15,1,7,5,5
VSTIND,15,1,7,5,5
VOLTAS,15,1,7,5,5
VOGL,15,1,7,5,5
VMM,15,1,7,5,5
VIYASH,15,1,7,5,5
INA,15,1,7,5,5
HUBTOWN,15,1,6,5,5
HPL,15,1,6,5,5
HERITGFOOD,15,1,7,5,5
IVC,15,1,7,5,5
JAYKAY,15,1,5,5,5
JAYBARMARU,15,1,7,5,5
SAHYADRI,15,1,7,5,5
SAGCEM,15,1,7,5,5
SAFARI,15,1,6,5,5
AWFIS,15,1,7,5,5
AVTNPL,15,1,7,5,5
ANUP,15,1,7,5,5
ANUHPHR,15,1,7,5,5
SCILAL,15,1,7,5,5
JARO,15,1,7,5,5
JAINREC,15,1,7,5,5
HINDOILEXP,15,1,7,5,5
HIMATSEIDE,15,1,7,5,5
VIPIND,15,1,7,5,5
VIMTALABS,15,1,7,5,5
VIKRAN,15,1,7,5,5
VIKRAMSOLR,15,1,7,5,5
VISL,15,1,7,5,5
PENIND,15,1,7,5,5
PDMJEPAPER,15,1,7,5,5
PCBL,15,1,7,5,5
CASTROLIND,15,1,7,5,5
CARRARO,15,1,6,5,5
CARERATING,15,1,7,5,5
CAPLIPOINT,15,1,7,5,5
BOSCH-HCIL,15,1,6,5,5
BORORENEW,15,1,7,5,5
PITTIENG,15,1,7,5,5
OSWALSEEDS,15,1,7,5,5
CEWATER,15,1,7,5,5
SAKAR,15,1,7,5,5
VIKASECO,15,1,7,5,5
VIJAYA,15,1,7,5,5
VIDYAWIRES,15,1,7,5,5
VGUARD,15,1,7,5,5
GULPOLY,15,1,7,5,5
GULFOILLUB,15,1,7,5,5
GUJTHEM,15,1,7,5,5
JLHL,15,1,7,5,5
JKTYRE,15,1,7,5,5
JGCHEM,15,1,7,5,5
JASH,15,1,7,5,5
HARSHA,15,1,7,5,5
HAPPYFORGE,15,1,7,5,5
GPTINFRA,15,1,7,5,5
KALAMANDIR,15,1,7,5,5
KABRAEXTRU,15,1,7,5,5
JYOTISTRUC,15,1,6,5,5
SFL,15,1,7,5,5
SERVOTECH,15,1,5,5,5
SDBL,15,1,7,5,5
SALSTEEL,15,1,6,5,5
SALASAR,15,1,7,5,5
SAKUMA,15,1,6,5,5
STYRENIX,15,1,6,5,5
STYLEBAAZA,15,1,7,5,5
STYLAMIND,15,1,7,5,5
STYL,15,1,7,5,5
STLNETWORK,15,1,7,5,5
PNGSREVA,15,1,7,5,5
PIXTRANS,15,1,6,5,5
BIKAJI,15,1,7,5,5
RTNINDIA,15,1,7,5,5
RSL,15,1,7,5,5
JUSTDIAL,15,1,5,5,5
VENUSPIPES,15,1,7,5,5
VEDPOWER,15,1,7,5,5
VEDL,15,1,7,5,5
VBL,15,1,7,5,5
VARROC,15,1,7,5,5
VAML,15,1,7,5,5
VAKRANGEE,15,1,7,5,5
GOCOLORS,15,1,7,5,5
GRMOVER,15,1,6,5,5
JSLL,15,1,7,5,5
GREENPLY,15,1,6,5,5
GREENPANEL,15,1,7,5,5
GLOBUSSPR,15,1,7,5,5
SHIPROCKET,15,1,5,5,5
SGMART,15,1,5,5,5
AVADHSUGAR,15,1,7,5,5
POWERMECH,15,1,7,5,5
CEINSYS,15,1,7,5,5
CEIGALL,15,1,7,5,5
CCL,15,1,7,5,5
ORIENTELEC,15,1,5,5,5
CANFINHOME,15,1,7,5,5
PANAMAPET,15,1,7,5,5
ADVAIT,15,1,8,5,5
SUMICHEM,15,1,6,5,5
SULA,15,1,7,5,5
CELLO,15,1,7,5,5
CMLL,15,1,7,5,5
CRAFTSMAN,15,1,7,5,5
SURYODAY,15,1,7,5,5
SURYAROSNI,15,1,6,5,5
V2RETAIL,15,1,7,5,5
UTTAMSUGAR,15,1,7,5,5
UTLSOLAR,15,1,7,5,5
UTKARSHBNK,15,1,7,5,5
UTIAMC,15,1,7,5,5
USHAMART,15,1,7,5,5
URJA,15,1,7,5,5
URBANCO,15,1,7,5,5
UPL,15,1,7,5,5
UNOMINDA,15,1,7,5,5
KAVDEFENCE,15,1,7,5,5
KAPSTON,15,1,7,5,5
KANSAINER,15,1,7,5,5
UNITECH,15,1,7,5,5
UNITDSPR,15,1,7,5,5
GEOJITFSL,15,1,7,5,5
KPL,15,1,7,5,5
KPEL,15,1,7,5,5
KMSUGAR,15,1,6,5,5
KMEW,15,1,7,5,5
GMMPFAUDLR,15,1,7,5,5
KSOLVES,15,1,7,5,5
KSL,15,1,5,5,5
VAIBHAVGBL,15,1,7,5,5
OPTIEMUS,15,1,5,5,5
NIITLTD,15,1,5,5,5
DATAMATICS,15,1,7,5,5
DAMCAPITAL,15,1,7,5,5
ULTRACEMCO,15,1,7,5,5
UJJIVANSFB,15,1,7,5,5
RHIM,15,1,7,5,5
RHETAN,15,1,6,5,5
RGL,15,1,6,5,5
REPCOHOME,15,1,7,5,5
RELTD,15,1,7,5,5
AYE,15,1,7,5,5
ROUTE,15,1,6,5,5
ROTO,15,1,7,5,5
NPST,15,1,7,5,5
DBCORP,15,1,7,5,5
NFL,15,1,5,5,5
NESCO,15,1,6,5,5
SYRMA,15,1,7,5,5
SYNGENE,15,1,7,5,5
SYNCOMF,15,1,7,5,5
SYMPHONY,15,1,7,5,5
SWSOLAR,15,1,7,5,5
SWIGGY,15,1,7,5,5
KUSUMGAR,15,1,6,5,5
FDC,15,1,6,5,5
LIBERTSHOE,15,1,6,5,5
LGBBROSLTD,15,1,7,5,5
KSHITIJPOL,15,1,7,5,5
KSB,15,1,6,5,5
KRSNAA,15,1,7,5,5
GILLETTE,15,1,6,5,5
UNIPARTS,15,1,7,5,5
UNIONBANK,15,1,7,5,5
UNIMECH,15,1,7,5,5
EUREKAFORB,15,1,6,5,5
ESSENTIA,15,1,7,5,5
LLOYDSENT,15,1,6,5,5
LINDEINDIA,15,1,7,5,5
UGARSUGAR,15,1,7,5,5
UFLEX,15,1,7,5,5
UCOBANK,15,1,7,5,5
GCSL,15,1,7,5,5
GALLANTT,15,1,7,5,5
LAOPALA,15,1,7,5,5
POLYMED,15,1,7,5,5
BOMDYEING,15,1,6,5,5
SOMANYCERA,15,1,7,5,5
SOBHA,15,1,7,5,5
PSB,15,1,7,5,5
PRSMJOHNSN,15,1,7,5,5
PRINCEPIPE,15,1,7,5,5
RICOAUTO,15,1,6,5,5
FERMENTA,15,1,7,5,5
TVSSCS,15,1,7,5,5
TVSMOTOR,15,1,7,5,5
TURTLEMINT,15,1,7,5,5
TTKPRESTIG,15,1,7,5,5
TRUALT,15,1,7,5,5
TRIVENI,15,1,7,5,5
TRITURBINE,15,1,7,5,5
LATENTVIEW,15,1,7,5,5
LASERPOWER,15,1,7,5,5
FREDUN,15,1,7,5,5
NEPHROPLUS,15,1,7,5,5
NDL,15,1,7,5,5
DHANUKA,15,1,6,5,5
DDEVPLSTIK,15,1,7,5,5
DCXINDIA,15,1,6,5,5
MUKKA,15,1,7,5,5
TATASTEEL,15,1,7,5,5
TATAPOWER,15,1,7,5,5
TATAINVEST,15,1,7,5,5
TRANSRAILL,15,1,7,5,5
TORNTPOWER,15,1,7,5,5
TORNTPHARM,15,1,7,5,5
TNPETRO,15,1,7,5,5
TMPV,15,1,7,5,5
RCF,15,1,5,5,5
RAYMONDREL,15,1,5,5,5
RATNAMANI,15,1,5,5,5
BBTC,15,1,7,5,5
SHUKRAPHAR,15,1,7,5,5
SHRIRAMFIN,15,1,7,5,5
SHRIPISTON,15,1,7,5,5
EPACKPEB,15,1,7,5,5
MANGLMCEM,15,1,5,5,5
MANALIPETC,15,1,7,5,5
MASFIN,15,1,5,5,5
MARSONS,15,1,7,5,5
MARATHON,15,1,7,5,5
MAHLIFE,15,1,7,5,5
EXPLEOSOL,15,1,7,5,5
TRIDENT,15,1,7,5,5
TRENT,15,1,7,5,5
TATAELXSI,15,1,7,5,5
TATACONSUM,15,1,7,5,5
TATACOMM,15,1,7,5,5
TATACHEM,15,1,7,5,5
TATACAP,15,1,7,5,5
TARIL,15,1,7,5,5
PRECAM,15,1,5,5,5
BIRLACORPN,15,1,7,5,5
ALIVUS,15,1,8,5,5
ALICON,15,1,8,5,5
SKIPPER,15,1,7,5,5
TITAGARH,15,1,7,5,5
TIPSMUSIC,15,1,7,5,5
TINNARUBR,15,1,7,5,5
TIMKEN,15,1,7,5,5
TIMETECHNO,15,1,7,5,5
TIINDIA,15,1,7,5,5
TIIL,15,1,7,5,5
TI,15,1,7,5,5
THYROCARE,15,1,7,5,5
TMCV,15,1,7,5,5
ESCORTS,15,1,7,5,5
ERIS,15,1,7,5,5
RAJRATAN,15,1,7,5,5
RAINBOW,15,1,7,5,5
BAJEL,15,1,7,5,5
EIMCOELECO,15,1,6,5,5
ECLERX,15,1,7,5,5
MILKYMIST,15,1,5,5,5
MHRIL,15,1,7,5,5
EMBDL,15,1,7,5,5
ELECTCAST,15,1,7,5,5
ELECON,15,1,7,5,5
TITAN,15,1,7,5,5
MEDPLUS,15,1,6,5,5
THERMAX,15,1,7,5,5
THELEELA,15,1,7,5,5
THANGAMAYL,15,1,7,5,5
TFCILTD,15,1,7,5,5
TEXRAIL,15,1,7,5,5
TENNIND,15,1,7,5,5
TEMBO,15,1,7,5,5
TEJASNET,15,1,7,5,5
TEGA,15,1,7,5,5
SIGMA,15,1,6,5,5
BBL,15,1,6,5,5
BANSALWIRE,15,1,6,5,5
RATEGAIN,15,1,7,5,5
RAMBHAJO,15,1,5,5,5
MOLDTKPAC,15,1,5,5,5
ABLBL,15,1,7,5,5
TBZ,15,1,7,5,5
TATATECH,15,1,7,5,5
DELTACORP,15,1,7,5,5
RACLGEAR,15,1,5,5,5
PURVA,15,1,7,5,5
PTCIL,15,1,7,5,5
SJVN,15,1,7,5,5
SIYSIL,15,1,7,5,5
SIRCA,15,1,6,5,5
DREDGECORP,15,1,6,5,5
DPABHUSHAN,15,1,7,5,5
MOL,15,1,7,5,5
MRF,15,1,7,5,5
MPSLTD,15,1,7,5,5
METROBRAND,15,1,7,5,5
MERCURYEV,15,1,5,5,5
WELSPUNLIV,15,1,7,5,5
WELENT,15,1,7,5,5
WELCORP,15,1,7,5,5
WEBELSOLAR,15,1,7,5,5
WALCHANNAG,15,1,7,5,5
WAKEFIT,15,1,7,5,5
WHIRLPOOL,15,1,7,5,5
WHEELS,15,1,7,5,5
ZENTEC,15,1,7,5,5
ZENSARTECH,15,1,7,5,5
ZEEMEDIA,15,1,7,5,5
ZEEL,15,1,7,5,5
ZAGGLE,15,1,7,5,5
INDIGOPNTS,15,1,7,5,5
INDIASHLTR,15,1,7,5,5
INDIACEM,15,1,6,5,5
INDGN,15,1,7,5,5
AQYLON,15,1,7,5,5
ATULAUTO,15,1,7,5,5
AARTIDRUGS,15,1,8,5,5
XPROINDIA,15,1,7,5,5
WSTCSTPAPR,15,1,7,5,5
WOCKPHARMA,15,1,7,5,5
WIPRO,15,1,7,5,5
WONDERLA,10,1,7,4,4
AURUM,10,1,7,4,4
ASTEC,10,1,7,4,4
SANGAMIND,10,1,5,4,4
INDOBORAX,10,1,4,4,4
ZFCVINDIA,10,1,7,4,4
ZUARI,10,1,6,4,4
WEL,10,1,7,4,4
MONTECARLO,10,1,6,4,4
MITTAL,10,1,7,4,4
MMFL,10,1,5,4,4
DOLPHIN,10,1,6,4,4
DREAMFOLKS,10,1,7,4,4
SILVERTUC,10,1,7,4,4
SINGERIND,10,1,5,4,4
SKFINDIA,10,1,7,4,4
QUADFUTURE,10,1,6,4,4
MUTHOOTMF,10,1,6,4,4
DENTA,10,1,7,4,4
TBOTEK,10,1,7,4,4
ABBOTINDIA,10,1,8,4,4
MONARCH,10,1,6,4,4
RAMCOSYS,10,1,5,4,4
MAYURUNIQ,10,1,7,4,4
MBAPL,10,1,5,4,4
EIHOTEL,10,1,7,4,4
REDTAPE,10,1,6,4,4
BHARATSE,10,1,6,4,4
ESABINDIA,10,1,6,4,4
ESSARSHPNG,10,1,7,4,4
TMB,10,1,7,4,4
TIMEX,10,1,5,4,4
SKFINDUS,10,1,5,4,4
ALANKIT,10,1,7,4,4
ALKEM,10,1,5,4,4
TARSONS,10,1,7,4,4
TASTYBITE,10,1,7,4,4
TREL,10,1,5,4,4
FABTECH,10,1,6,4,4
MAGADSUGAR,10,1,7,4,4
EMPOWER,10,1,7,4,4
MASTERTR,10,1,7,4,4
MAWANASUG,10,1,7,4,4
SHOPERSTOP,10,1,7,4,4
SHREECEM,10,1,6,4,4
SHREEJISPG,10,1,7,4,4
BCLIND,10,1,7,4,4
DLINKINDIA,10,1,4,4,4
MUFIN,10,1,7,4,4
MUNJALAU,10,1,6,4,4
DCAL,10,1,7,4,4
NARMADA,10,1,7,4,4
NCLIND,10,1,5,4,4
TANLA,10,1,7,4,4
MAHLOG,10,1,7,4,4
TTML,10,1,7,4,4
FEDFINA,10,1,6,4,4
SHK,10,1,6,4,4
PREMIERPOL,10,1,7,4,4
PRUDENT,10,1,5,4,4
SNOWMAN,10,1,5,4,4
SOLARWORLD,10,1,7,4,4
AGI,10,1,7,4,4
AGIIL,10,1,7,4,4
AIRAN,10,1,7,4,4
AJOONI,10,1,7,4,4
COSMOFIRST,10,1,6,4,4
GAJA,10,1,4,4,4
UDS,10,1,7,4,4
LIKHITHA,10,1,7,4,4
ETHOSLTD,10,1,6,4,4
EVEREADY,10,1,7,4,4
FISCHER,10,1,5,4,4
ULTRAMAR,10,1,7,4,4
UNICHEMLAB,10,1,7,4,4
UNIECOM,10,1,6,4,4
KSCL,10,1,6,4,4
LALITHAA,10,1,4,4,4
SWARAJENG,10,1,6,4,4
TALBROAUTO,10,1,6,4,4
DBREALTY,10,1,7,4,4
NOVARTIND,10,1,7,4,4
OAL,10,1,4,4,4
CUBEXTUB,10,1,7,4,4
BAGFILMS,10,1,6,4,4
BAJAJHLDNG,10,1,6,4,4
BANCOINDIA,10,1,6,4,4
RELIGARE,10,1,7,4,4
RESPONIND,10,1,5,4,4
UGROCAP,10,1,6,4,4
NIBE,10,1,7,4,4
NIITMTS,10,1,7,4,4
NILAINFRA,10,1,6,4,4
NITCO,10,1,7,4,4
NITTAGELA,10,1,6,4,4
NOCIL,10,1,4,4,4
CORONA,10,1,6,4,4
ADVENZYMES,10,1,8,4,4
SUNSHINE,10,1,4,4,4
SUNTECK,10,1,5,4,4
SUPRAJIT,10,1,7,4,4
SURAKSHA,10,1,7,4,4
KINGFA,10,1,7,4,4
KIOCL,10,1,7,4,4
KOLTEPATIL,10,1,7,4,4
GEMAROMA,10,1,7,4,4
RML,10,1,5,4,4
KANANIIND,10,1,6,4,4
KDDL,10,1,6,4,4
UNIVCABLES,10,1,7,4,4
COCKERILL,10,1,6,4,4
SUBROS,10,1,7,4,4
SUMEETINDS,10,1,7,4,4
SUMIT,10,1,5,4,4
SUNDARMFIN,10,1,7,4,4
ADFFOODS,10,1,7,4,4
CHOICEIN,10,1,6,4,4
CLSEL,10,1,7,4,4
ONEPOINT,10,1,7,4,4
ONIXSOLAR,10,1,4,4,4
CAPACITE,10,1,7,4,4
ORIENTHOT,10,1,4,4,4
ORIENTTECH,10,1,5,4,4
ORISSAMINE,10,1,5,4,4
ORKLAINDIA,10,1,7,4,4
PRABHA,10,1,5,4,4
PRAKASHSTL,10,1,4,4,4
ANNAPURNA,10,1,7,4,4
SHALBY,10,1,5,4,4
SHANKESH,10,1,4,4,4
SHANTIGEAR,10,1,7,4,4
RMC,10,1,7,4,4
KIRLOSBROS,10,1,4,4,4
KISSHT,10,1,6,4,4
KITEX,10,1,5,4,4
KMCSHIL,10,1,6,4,4
GMBREW,10,1,4,4,4
GRWRHITECH,10,1,7,4,4
VENKEYS,10,1,7,4,4
GTL,10,1,7,4,4
CAMLINFINE,10,1,6,4,4
PLAZACABLE,10,1,6,4,4
BLEL,10,1,5,4,4
BLUEDART,10,1,7,4,4
STOVEKRAFT,10,1,4,4,4
AEROPLANE,10,1,7,4,4
AFIL,10,1,5,4,4
AGARIND,10,1,6,4,4
APLLTD,10,1,6,4,4
BAJAJINDEF,10,1,7,4,4
GPTHEALTH,10,1,7,4,4
HARDWYN,10,1,7,4,4
HEG,10,1,5,4,4
HEMIPROP,10,1,7,4,4
JKIL,10,1,7,4,4
SAKHTISUG,10,1,5,4,4
PACEDIGITK,10,1,7,4,4
PANACEABIO,10,1,4,4,4
PICCADIL,10,1,7,4,4
BUILDPRO,10,1,7,4,4
HFCL,10,1,5,4,4
HGS,10,1,7,4,4
VIKASLIFE,10,1,7,4,4
VINATIORGA,10,1,7,4,4
VINCOFE,10,1,5,4,4
VINDHYATEL,10,1,7,4,4
VISAKAIND,10,1,6,4,4
HCG,10,1,7,4,4
HORIZONIND,10,1,4,4,4
ITDC,10,1,7,4,4
IVALUE,10,1,7,4,4
VOLTAMP,10,1,5,4,4
VPRPL,10,1,7,4,4
INNOVACAP,10,1,7,4,4
HOMEFIRST,10,1,5,4,4
HONAUT,10,1,6,4,4
INDRAMEDCO,10,1,7,4,4
SPMLINFRA,10,1,4,4,4
SPORTKING,10,1,5,4,4
SREEL,10,1,7,4,4
PGHH,10,1,4,4,4
YATRA,10,1,5,4,4
ZYDUSWELL,10,1,7,4,4
5PAISA,10,1,5,4,4
3BBLACKBIO,10,1,8,4,4
3MINDIA,6,2,8,3,3
A2ZINFRA,6,2,7,3,3
ZUARIIND,6,1,6,3,3
AARON,6,1,7,3,3
WELSPLSOL,6,1,4,3,3
WANBURY,6,1,6,3,3
WEWORK,6,1,7,3,3
WESTLIFE,6,1,6,3,3
ZOTA,6,1,6,3,3
STANLEY,6,1,5,3,3
SRM,6,1,4,3,3
SPLPETRO,6,1,7,3,3
SPIC,6,1,7,3,3
BLUSPRING,6,1,7,3,3
PDSL,6,1,3,3,3
PAUSHAKLTD,6,1,5,3,3
CAPILLARY,6,1,6,3,3
PAKKA,6,1,4,3,3
CENTEXT,6,1,4,3,3
PFS,6,1,5,3,3
BLKASHYAP,6,1,6,3,3
POKARNA,6,1,4,3,3
POEL,6,1,5,3,3
BIL,6,1,6,3,3
BHARATWIRE,6,1,6,3,3
PRAVEG,6,1,6,3,3
OSWALAGRO,6,1,5,3,3
ORIENTPPR,6,1,7,3,3
ORIENTCEM,6,1,5,3,3
CANTABIL,6,1,5,3,3
PARKHOTELS,6,1,4,3,3
ONIDA,6,1,7,3,3
ADSL,6,1,5,3,3
SUNDROP,6,1,7,3,3
CRISIL,6,1,4,3,3
SUYOG,6,1,5,3,3
SURANAT&P,6,1,5,3,3
SURAJEST,6,1,7,3,3
ADVENTHTL,6,1,6,3,3
NUCLEUS,6,1,5,3,3
COMSYN,6,1,4,3,3
DBL,6,1,7,3,3
NGLFINE,6,2,7,3,3
SWELECTES,6,1,6,3,3
SOLEX,6,1,6,3,3
TARC,6,1,6,3,3
NELCAST,6,1,5,3,3
NDRAUTO,6,1,4,3,3
NAVNETEDUL,6,2,6,3,3
DCMSRIND,6,1,6,3,3
DCMSHRIRAM,6,1,6,3,3
DCI,6,1,5,3,3
DMCC,6,1,4,3,3
ALLTIME,6,1,8,3,3
ALGOQUANT,6,1,7,3,3
AKSHAR,6,1,5,3,3
SMCGLOBAL,6,1,4,3,3
SMARTWORKS,6,1,6,3,3
BFUTILITIE,6,2,6,3,3
BETA,6,1,4,3,3
BESTAGRO,6,2,7,3,3
DUCON,6,2,6,3,3
TEAMLEASE,6,1,4,3,3
TCI,6,1,7,3,3
TATVA,6,1,5,3,3
MVGJL,6,1,7,3,3
MUNJALSHOW,6,1,5,3,3
RADIANTCMS,6,1,5,3,3
PVSL,6,1,7,3,3
PSPPROJECT,6,1,7,3,3
SINCLAIR,6,1,5,3,3
SIKA,6,2,7,3,3
SIGNATURE,6,1,7,3,3
DOLLAR,6,1,7,3,3
MOKSH,6,1,7,3,3
MMP,6,1,4,3,3
DIGISPICE,6,1,5,3,3
DIAMONDYD,6,1,6,3,3
MSPL,6,1,4,3,3
MENNPIS,6,1,6,3,3
MEIL,6,1,4,3,3
MEDICO,6,1,5,3,3
TGVSL,6,1,7,3,3
BAYERCROP,6,1,5,3,3
BASF,6,1,6,3,3
RANASUG,6,1,5,3,3
RAMCOIND,6,1,6,3,3
RAJMET,6,1,4,3,3
THOMASCOOK,6,1,6,3,3
EKI,6,1,5,3,3
EKC,6,1,4,3,3
EFCIL,6,2,6,3,3
EASTWEST,6,1,4,3,3
MCLEODRUSS,6,1,5,3,3
MCL,6,1,4,3,3
MAXESTATES,6,1,6,3,3
MIRZAINT,6,1,5,3,3
ELIN,6,1,6,3,3
TIRUMALCHM,6,1,7,3,3
MANAKCOAT,6,1,5,3,3
MAANALU,6,1,7,3,3
LUXIND,6,1,5,3,3
EXXARO,6,1,5,3,3
TPLPLASTEH,6,1,7,3,3
SHREEPUSHK,6,1,4,3,3
SHREDIGCEM,6,1,5,3,3
RITCO,6,1,4,3,3
FEDDERSHOL,6,1,6,3,3
UBL,6,1,6,3,3
TVSSRICHAK,6,1,7,3,3
TTKHLTCARE,6,1,7,3,3
TSFINV,6,1,4,3,3
LAXMIINDIA,6,1,5,3,3
LAXMIDENTL,6,1,7,3,3
FMGOETZE,6,1,4,3,3
FLAIR,6,1,5,3,3
EXCELINDUS,6,2,7,3,3
GANESHHOU,6,1,6,3,3
LANDMARK,6,1,6,3,3
LANCORHOL,6,1,5,3,3
KRITIKA,6,1,7,3,3
GICHSGFIN,6,1,7,3,3
BALPHARMA,6,1,6,3,3
ROHLTD,6,1,7,3,3
GFLLIMITED,6,1,5,3,3
GEEKAYWIRE,6,1,3,3,3
KOVAI,6,1,4,3,3
KUANTUM,6,1,7,3,3
KHAICHEM,6,2,7,3,3
VADILALIND,6,1,7,3,3
KANPRPLA,6,1,7,3,3
GLOBAL,6,1,6,3,3
KIRLFER,6,2,6,3,3
ANDREWYU,6,1,4,3,3
ANDHRAPAP,6,1,6,3,3
AMRUTANJAN,6,1,6,3,3
AVROIND,6,1,4,3,3
RUCHIRA,6,1,7,3,3
RUCHINFRA,6,1,5,3,3
JUNIPER,6,1,4,3,3
GTPL,6,2,7,3,3
VESUVIUS,6,1,4,3,3
GODAVARIB,6,1,6,3,3
KECL,6,1,5,3,3
GRINDWELL,6,1,6,3,3
JTEKTINDIA,6,1,6,3,3
JSFB,6,1,7,3,3
GOPAL,6,1,4,3,3
KALYANIFRG,6,1,3,3,3
BAJAJST,6,1,6,3,3
SESHAPAPER,6,1,5,3,3
SEIL,6,2,7,3,3
SEAMECLTD,6,1,4,3,3
ANURAS,6,1,5,3,3
ATL,6,1,6,3,3
JKCEMENT,6,1,5,3,3
JISLJALEQS,6,1,6,3,3
HCL-INSYS,6,1,6,3,3
JAICORPLTD,6,1,5,3,3
JAIBALAJI,6,1,5,3,3
HILINFRA,6,1,6,3,3
ITI,6,1,4,3,3
ISGEC,6,1,7,3,3
IPL,6,1,6,3,3
HAWKINCOOK,6,1,7,3,3
SAIPARENT,6,1,5,3,3
SAATVIKGL,6,2,7,3,3
ARIHANTCAP,6,1,4,3,3
ARIES,6,1,5,3,3
HINDWAREAP,6,1,7,3,3
INVENTURE,6,1,6,3,3
INNOVISION,6,1,7,3,3
ICEMAKE,6,1,6,3,3
VSSL,6,1,7,3,3
VRLLOG,6,1,5,3,3
VOEPL,6,1,5,3,3
HUHTAMAKI,6,1,7,3,3
INDOWIND,6,1,5,3,3
INDORAMA,6,1,4,3,3
IGARASHI,6,2,7,3,3
INDOCO,6,1,5,3,3
INDNIPPON,6,1,5,3,3
INDIANHUME,6,1,7,3,3
INDIAGLYCO,6,1,4,3,3
SANSTAR,6,2,6,3,3
SANOFICONR,6,2,7,3,3
SANOFI,6,1,3,3,3
XCHANGING,6,1,6,3,3
WINDLAS,6,1,6,3,3
20MICRONS,6,1,7,3,3
WAAREEINDO,3,1,5,2,2
VSTTILLERS,3,1,4,2,2
IGPL,3,1,4,2,2
VISHNU,3,3,7,2,2
HESTERBIO,3,2,5,2,2
ISFT,3,1,3,2,2
IRISDOREME,3,2,5,2,2
HAZOOR,3,1,3,2,2
JAYSREETEA,3,1,4,2,2
VIRTUALG,3,2,5,2,2
RPSGVENT,3,1,3,2,2
AMBALALSA,3,1,2,2,2
SGIL,3,1,4,2,2
SEKURITIND,3,2,4,2,2
SCODATUBES,3,2,6,2,2
APCL,3,1,6,2,2
ASTRAZEN,3,1,7,2,2
JUBLCPL,3,3,7,2,2
HARIOMPIPE,3,2,4,2,2
GVPTECH,3,1,2,2,2
GOYALALUM,3,2,7,2,2
KALPATARU,3,1,2,2,2
ROSSARI,3,1,3,2,2
SHAHALLOYS,3,1,3,2,2
SHAH,3,1,2,2,2
ANMOL,3,1,8,2,2
AVONMORE,3,2,5,2,2
RUSHIL,3,1,5,2,2
VERANDA,3,1,3,2,2
VEEDOL,3,2,5,2,2
GOKUL,3,3,7,2,2
GOCLCORP,3,1,7,2,2
GOACARBON,3,1,6,2,2
KAMOPAINTS,3,2,7,2,2
GLOBALVECT,3,2,7,2,2
GOODYEAR,3,2,5,2,2
VAISHALI,3,1,6,2,2
KOTHARIPET,3,1,3,2,2
KSE,3,2,6,2,2
KRYSTAL,3,1,3,2,2
GICL,3,1,3,2,2
REMSONSIND,3,1,2,2,2
GAYAPROJ,3,1,2,2,2
GALAPREC,3,2,4,2,2
LANCER,3,1,2,2,2
LAMBODHARA,3,2,4,2,2
LATTEYS,3,2,4,2,2
FOSECOIND,3,1,3,2,2
FOODSIN,3,1,3,2,2
ESTER,3,1,6,2,2
LUMAXIND,3,1,2,2,2
LMW,3,2,5,2,2
SIGNPOST,3,1,7,2,2
SIGMAADV,3,1,3,2,2
RAJSREESUG,3,1,2,2,2
BALAXI,3,1,6,2,2
RBZJEWEL,3,2,5,2,2
BCONCEPTS,3,1,7,2,2
SHRIRAMPPS,3,1,4,2,2
TVSHLTD,3,1,6,2,2
TVSELECT,3,1,2,2,2
TRU,3,1,7,2,2
MANAKALUCO,3,1,3,2,2
MADRASFERT,3,2,5,2,2
MADHAVIPL,3,1,3,2,2
TRITONV,3,1,3,2,2
TRAVELFOOD,3,1,3,2,2
TRACXN,3,1,4,2,2
TNPL,3,1,7,2,2
EPIGRAL,3,1,4,2,2
ENERGYDEV,3,3,7,2,2
MANGALAM,3,1,3,2,2
MATRIMONY,3,2,7,2,2
ELECTHERM,3,1,4,2,2
ALPA,3,2,5,2,2
SKYWAYS,3,1,2,2,2
BHANDARI,3,1,7,2,2
BHAGCHEM,3,2,6,2,2
PUNJABCHEM,3,1,4,2,2
SINDHUTRAD,3,1,7,2,2
TIJARIA,3,2,5,2,2
TIGERLOGS,3,2,6,2,2
ECORECO,3,2,5,2,2
MINDTECK,3,2,6,2,2
MIDWESTLTD,3,3,7,2,2
THEMISMED,3,2,4,2,2
THEJO,3,2,7,2,2
BORANA,3,1,2,2,2
AKI,3,1,3,2,2
AKG,3,1,2,2,2
AGROPHOS,3,4,8,2,2
PROSTARM,3,1,4,2,2
BIRLANU,3,2,6,2,2
TEXMOPIPES,3,1,5,2,2
TERASOFT,3,2,4,2,2
TEMPSENS,3,1,2,2,2
DSSL,3,1,4,2,2
DOLATALGO,3,2,4,2,2
MODISONLTD,3,1,2,2,2
DJML,3,1,6,2,2
SRHHYPOLTD,3,1,4,2,2
SPELS,3,1,3,2,2
BLIL,3,2,6,2,2
PLATIND,3,1,2,2,2
BIGBLOC,3,2,6,2,2
DTIL,3,1,2,2,2
ACL,3,2,5,2,2
ABINFRA,3,1,2,2,2
DEVIT,3,1,7,2,2
NAHARSPING,3,1,2,2,2
NAHARINDUS,3,1,2,2,2
MWL,3,1,3,2,2
MUKANDLTD,3,1,4,2,2
TARACHAND,3,2,5,2,2
NDTV,3,1,4,2,2
NAVKARCORP,3,3,7,2,2
NATIONSTD,3,1,3,2,2
DHATRE,3,2,5,2,2
DHARMAJ,3,1,6,2,2
DEVX,3,1,5,2,2
DCW,3,2,5,2,2
DCMSIL,3,3,7,2,2
DCMNVL,3,1,4,2,2
TAJGVK,3,1,4,2,2
STUDDS,3,1,4,2,2
STEL,3,2,4,2,2
BRIGHOTEL,3,1,4,2,2
BPL,3,2,6,2,2
BOROLTD,3,1,4,2,2
TAALTECH,3,3,7,2,2
SYMBIOTEC,3,1,2,2,2
SWISSMLTRY,3,1,3,2,2
CSM,3,1,3,2,2
CGVAK,3,1,3,2,2
ODIGMA,3,1,2,2,2
COMFINTE,3,3,6,2,2
ADROITINFO,3,2,5,2,2
SUNFLAG,3,2,7,2,2
SUNCLAY,3,2,7,2,2
CCCL,3,3,6,2,2
OSWALGREEN,3,1,6,2,2
ORIRAIL,3,1,3,2,2
ORIENTCER,3,1,2,2,2
CENTURYPLY,3,1,5,2,2
CENTENKA,3,1,7,2,2
SURANASOL,3,1,6,2,2
ADVANIHOTR,3,1,7,2,2
OPTIFIN,3,1,5,2,2
ONWARDTEC,3,1,6,2,2
ONEGLOBAL,3,1,3,2,2
OMINFRAL,3,2,6,2,2
OMAXAUTO,3,2,7,2,2
INDIQUBE,3,1,4,2,2
INFOMEDIA,3,1,2,2,2
INDOTHAI,3,2,5,2,2
INDOFARM,3,2,7,2,2
IKIO,3,3,7,2,2
HONDAPOWER,3,2,6,2,2
INTLCONV,3,2,4,2,2
INNOVANA,3,1,4,2,2
VMART,3,2,5,2,2
ARFIN,3,1,8,2,2
ASAL,3,1,6,2,2
WPIL,3,1,4,2,2
WINDMACHIN,3,1,4,2,2
WENDT,3,2,7,2,2
XTGLOBAL,1,3,3,1,1
ATLASCYCLE,1,5,5,1,1
AUGMONT,1,1,1,1,1
ASALCBR,1,7,7,1,1
ASHIANA,1,3,3,1,1
ASHIMASYN,1,2,2,1,1
SALZERELEC,1,1,1,1,1
SANATHAN,1,1,1,1,1
ARCHIDPLY,1,2,2,1,1
ARKADE,1,8,8,1,1
AROGRANITE,1,1,1,1,1
VLSFINANCE,1,2,2,1,1
INSECTICID,1,1,1,1,1
HNDFDS,1,3,3,1,1
INDOSTAR,1,5,5,1,1
INDOUS,1,2,2,1,1
IFBAGRO,1,5,5,1,1
ZODIAC,1,3,3,1,1
ADVANCE,1,1,1,1,1
CHEMBOND,1,1,1,1,1
OMPOWER,1,3,3,1,1
ORCHASP,1,2,2,1,1
ORIENTALTL,1,1,1,1,1
ORIENTBELL,1,1,1,1,1
SUPREME,1,2,2,1,1
SUPREMEINF,1,1,1,1,1
SUVIDHAA,1,2,2,1,1
AERONEU,1,1,1,1,1
AFSL,1,5,5,1,1
PANORAMA,1,1,1,1,1
PARASPETRO,1,1,1,1,1
PASHUPATI,1,5,5,1,1
SUMMITSEC,1,6,6,1,1
SUNDARAM,1,2,2,1,1
CPCAP,1,1,1,1,1
CREST,1,4,4,1,1
COFFEEDAY,1,1,1,1,1
NSIL,1,3,3,1,1
CRSL,1,1,1,1,1
NILKAMAL,1,2,2,1,1
CORDSCABLE,1,1,1,1,1
SWARAJ,1,2,2,1,1
SWARNSAR,1,3,3,1,1
PILANIINVS,1,4,4,1,1
PILITA,1,3,3,1,1
BUTTERFLY,1,2,2,1,1
CALSOFT,1,3,3,1,1
CAPITALSFB,1,3,3,1,1
PAVNAIND,1,4,4,1,1
PERMAGN,1,4,4,1,1
PERNIASPOP,1,1,1,1,1
STEELCAS,1,2,2,1,1
ADVIKCA,1,6,6,1,1
AEPL,1,7,7,1,1
TAKE,1,5,5,1,1
NGIL,1,1,1,1,1
NATCAPSUQ,1,1,1,1,1
NECLIFE,1,5,5,1,1
TANAA,1,1,1,1,1
TARMAT,1,3,3,1,1
DEEPA,1,1,1,1,1
TCC,1,2,2,1,1
TCIEXP,1,3,3,1,1
TCPLPACK,1,7,7,1,1
ABANSENT,1,5,5,1,1
ABCOTS,1,1,1,1,1
ACCELYA,1,6,6,1,1
PONNIERODE,1,3,3,1,1
PRAENG,1,2,2,1,1
PRAXIS,1,4,4,1,1
BI,1,2,2,1,1
PKTEA,1,1,1,1,1
PLASTIBLEN,1,1,1,1,1
BLAL,1,3,3,1,1
SSDL,1,5,5,1,1
STARPAPER,1,5,5,1,1
STCINDIA,1,1,1,1,1
PIGL,1,1,1,1,1
MOTOGENFIN,1,1,1,1,1
DHRUV,1,3,3,1,1
DIAMINESQ,1,2,2,1,1
DIGITIDE,1,1,1,1,1
DISAQ,1,4,4,1,1
MMWL,1,1,1,1,1
MODIRUBBER,1,1,1,1,1
MOHITIND,1,2,2,1,1
TEXINFRA,1,5,5,1,1
BIRLAMONEY,1,3,3,1,1
BIRLAPREC,1,1,1,1,1
PRECOT,1,4,4,1,1
PRISMX,1,3,3,1,1
PROZONER,1,2,2,1,1
SMLT,1,4,4,1,1
SOMICONVEY,1,7,7,1,1
SONAMLTD,1,2,2,1,1
AKASH,1,1,1,1,1
BODALCHEM,1,1,1,1,1
ELANTAS,1,4,4,1,1
ELCIDIN,1,4,4,1,1
MEDICAMEQ,1,1,1,1,1
MERCANTILE,1,2,2,1,1
MIIL,1,2,2,1,1
MAXIND,1,2,2,1,1
MBLINFRA,1,1,1,1,1
EIHAHOTELS,1,7,7,1,1
THOMASCOTT,1,2,2,1,1
SILINV,1,7,7,1,1
SIMPLEXINF,1,1,1,1,1
BELLACASA,1,7,7,1,1
BFINVEST,1,7,7,1,1
BHARATRAS,1,6,6,1,1
ALLDIGI,1,7,7,1,1
ALMONDZ,1,2,2,1,1
ALPHAGEO,1,2,2,1,1
BIOFILCHEM,1,3,3,1,1
BIRLACABLE,1,1,1,1,1
ELGIRUBCO,1,3,3,1,1
EMPIND,1,4,4,1,1
MARALOVER,1,1,1,1,1
MARKOLINES,1,2,2,1,1
MANAKSTEEL,1,1,1,1,1
MANBA,1,1,1,1,1
MANBRO,1,1,1,1,1
MANCREDIT,1,2,2,1,1
ESDS,1,1,1,1,1
TREJHARA,1,3,3,1,1
FAZE3Q,1,3,3,1,1
LUMINO,1,1,1,1,1
MAHAPEXLTD,1,3,3,1,1
MAHSCOOTER,1,4,4,1,1
MAKERSL,1,2,2,1,1
TVTODAY,1,4,4,1,1
FIBERWEB,1,2,2,1,1
BBTCL,1,1,1,1,1
BEARDSELL,1,7,7,1,1
REGAAL,1,5,5,1,1
RELIABLE,1,1,1,1,1
BALAJEE,1,2,2,1,1
BALAJITELE,1,6,6,1,1
RAMAPHO,1,4,4,1,1
BANSWRAS,1,1,1,1,1
SILGO,1,2,2,1,1
LPDC,1,2,2,1,1
LEMERITE,1,1,1,1,1
LGHL,1,7,7,1,1
LAL,1,1,1,1,1
GANESHCP,1,3,3,1,1
GAYAHWS,1,4,4,1,1
RPGLIFE,1,6,6,1,1
AXTEL,1,4,4,1,1
AYMSYNTEX,1,1,1,1,1
BAIDFIN,1,6,6,1,1
BAJAJHCARE,1,4,4,1,1
BANARISUG,1,1,1,1,1
REPRO,1,5,5,1,1
RETAIL,1,6,6,1,1
RIIL,1,1,1,1,1
SHIVALIK,1,1,1,1,1
SHIVAMAUTO,1,1,1,1,1
SHIVATEX,1,3,3,1,1
SHRADDHA,1,5,5,1,1
SHREERAMA,1,7,7,1,1
SHRINGARMS,1,3,3,1,1
UCAL,1,2,2,1,1
UDAYJEW,1,1,1,1,1
UEL,1,5,5,1,1
KRITI,1,4,4,1,1
KRONOX,1,2,2,1,1
KSR,1,2,2,1,1
GNRL,1,1,1,1,1
KOKUYOCMLN,1,2,2,1,1
KOPRAN,1,2,2,1,1
GENUSPAPER,1,1,1,1,1
KIRLOSIND,1,5,5,1,1
KKCL,1,3,3,1,1
GLOBECIVIL,1,7,7,1,1
KEEPLEARN,1,5,5,1,1
VALIANTLAB,1,1,1,1,1
VARDMNPOLY,1,2,2,1,1
VASCONEQ,1,1,1,1,1
VENTIVE,1,2,2,1,1
VERTOZ,1,1,1,1,1
RSSOFTWARE,1,1,1,1,1
RUBYMILLS,1,1,1,1,1
RUSTOMJEE,1,3,3,1,1
AUTOAXLES,1,1,1,1,1
SGRL,1,2,2,1,1
SHANKARA,1,3,3,1,1
SHBAJRG,1,3,3,1,1
SHIVACEM,1,4,4,1,1
RNBDENIMS,1,5,5,1,1
ROSSELLIND,1,1,1,1,1
JYOTIRES,1,2,2,1,1
GRANDOAK,1,4,4,1,1
GREENLAM,1,2,2,1,1
JPOLYINVST,1,2,2,1,1
GRINFRA,1,3,3,1,1
GRPLTD,1,7,7,1,1
GSLSU,1,3,3,1,1
HEADSUP,1,4,4,1,1
JETFREIGHT,1,1,1,1,1
JKIPL,1,3,3,1,1
GUJAPOLLO,1,2,2,1,1
ARVEE,1,7,7,1,1
SATIA,1,7,7,1,1
SBGLP,1,5,5,1,1
SADBHAV,1,3,3,1,1
ATLANTAA,1,4,4,1,1
SGLRES,1,1,1,1,1
AMBIKCO,1,7,7,1,1
AMDIND,1,5,5,1,1
RPPINFRA,1,1,1,1,1
VINEETLAB,1,3,3,1,1
VIPCLOTHNG,1,3,3,1,1
HILTON,1,1,1,1,1
HINDCON,1,4,4,1,1
JAIPURKURT,1,7,7,1,1
HPAL,1,3,3,1,1
HERANBA,1,2,2,1,1
VISHWARAJ,1,1,1,1,1
VIVIDHA,1,2,2,1,1
ZIMLAB,1,5,5,1,1
YUKEN,1,5,5,1,1
WARDINMOBI,1,4,4,1,1
AAREYDRUGS,1,3,3,1,1
AAATECH,1,8,8,1,1
